{
  "events.tick": {
    "x": 76.37013521738253,
    "y": 965.5899375261426
  },
  "events.tickStep": {
    "x": -28.742110218641933,
    "y": 1094.3365811578255
  },
  "events.tickCounter": {
    "x": -28.92228704674414,
    "y": 970.0726218196487
  },
  "events.slowTick": {
    "x": -24.990127318661752,
    "y": 847.0161590323214
  },
  "events.windowSize": {
    "x": -369.85866742427476,
    "y": 57.29464521831355
  },
  "events.mouse": {
    "x": 84.64912924067285,
    "y": 1160.0565503448497
  },
  "events.keys": {
    "x": 79.03973887451365,
    "y": 1314.3952534337925
  },
  "events.mouseDrag": {
    "x": 389.30232594246087,
    "y": 1311.2508623644567
  },
  "state.ground.position": {
    "x": 592.7404100568693,
    "y": 624.031846800227
  },
  "state.ground.normal": {
    "x": 504.7884520353441,
    "y": 714.5222912429182
  },
  "state.ground.scale": {
    "x": 797.9947351233101,
    "y": 630.5047118228944
  },
  "state.ground.transform": {
    "x": 698.2485552304572,
    "y": 559.4338492923177
  },
  "state.ground.planeEquation": {
    "x": 631.9337813902545,
    "y": 724.2228367000495
  },
  "state.ground.mirrorMatrix": {
    "x": 715.5861218389874,
    "y": 714.071908209991
  },
  "state.pedestals.scale": {
    "x": 647.253423275873,
    "y": 364.49536428853844
  },
  "state.pedestals.transforms": {
    "x": 564.9359466056333,
    "y": 362.17044822954483
  },
  "state.screens.radius": {
    "x": 406.8475962909673,
    "y": 951.3303280816247
  },
  "state.screens.height": {
    "x": 493.91266724747953,
    "y": 935.1046468058489
  },
  "state.screens.scale": {
    "x": 353.688578249499,
    "y": 722.6597199966499
  },
  "state.screens.rotations": {
    "x": 317.1936869081563,
    "y": 849.2562322426841
  },
  "state.screens.positions": {
    "x": 445.62061738472056,
    "y": 832.93919050267
  },
  "state.screens.transforms": {
    "x": 277.1604680344005,
    "y": 749.1944432890839
  },
  "videos.names": {
    "x": -240.9605196924283,
    "y": 871.0833947024504
  },
  "videos.videosUrl": {
    "x": -347.41035113278747,
    "y": 626.539953383678
  },
  "videos.loadTimeout": {
    "x": -348.6475316951279,
    "y": 717.3067731881337
  },
  "videos.videos": {
    "x": -230.12750364632961,
    "y": 751.6924508089568
  },
  "view.camera.position": {
    "x": 753.539856464299,
    "y": 957.3243066769099
  },
  "view.camera.yaw": {
    "x": 959.0292995097882,
    "y": 1086.272383143138
  },
  "view.camera.pitch": {
    "x": 841.6311760934011,
    "y": 1082.013940816167
  },
  "view.camera.yawQuat": {
    "x": 950.7250700056459,
    "y": 985.2994559326827
  },
  "view.camera.pitchQuat": {
    "x": 848.6194783856471,
    "y": 990.4232465306249
  },
  "view.camera.rotationQuat": {
    "x": 886.0279826893238,
    "y": 862.2376098902693
  },
  "view.camera.view": {
    "x": 846.7302436434592,
    "y": 718.659045690319
  },
  "view.camera.fovy": {
    "x": 909.7380213367651,
    "y": 397.25748549932973
  },
  "view.camera.aspect": {
    "x": 828.8830993669557,
    "y": 306.5148271889604
  },
  "view.camera.near": {
    "x": 923.4260311370798,
    "y": 491.02928225574874
  },
  "view.camera.far": {
    "x": 855.5649608378067,
    "y": 540.3694536732753
  },
  "view.camera.perspective": {
    "x": 781.7706423474369,
    "y": 434.0524770138193
  },
  "view.camera.moveSpeed": {
    "x": 545.094568368687,
    "y": 1085.871211706992
  },
  "view.camera.lookSpeed": {
    "x": 896.7335434674063,
    "y": 1235.5719519060112
  },
  "view.camera.moveForward": {
    "x": 639.1435930868014,
    "y": 1018.2221826793447
  },
  "view.camera.moveLeft": {
    "x": 517.7361829891848,
    "y": 1169.6109397705477
  },
  "view.camera.groundMirrorView": {
    "x": 675.6861671117312,
    "y": 875.9000552412393
  },
  "view.context.context": {
    "x": 828.1487644249696,
    "y": 444.6804810288013
  },
  "view.context.canvas": {
    "x": 562.0466731353072,
    "y": 1007.8653299673556
  },
  "view.context.canvasSize": {
    "x": 562.1710007262274,
    "y": 823.4757086322784
  },
  "view.effects.ground-reflection.idPrefix": {
    "x": 522.4912120851072,
    "y": 232.74836492468168
  },
  "view.effects.ground-reflection.passes": {
    "x": 590.0198178576956,
    "y": 149.12624196425492
  },
  "view.effects.ground-reflection.ids": {
    "x": 680.4206899259791,
    "y": 292.7584523164205
  },
  "view.effects.ground-reflection.layersData": {
    "x": -192.28551172745892,
    "y": 348.71286741648436
  },
  "view.geometries.box.id": {
    "x": 1029.5525109457433,
    "y": 472.68211532913733
  },
  "view.geometries.box.size": {
    "x": -159.69285555560447,
    "y": -444.68327993863016
  },
  "view.geometries.box.segments": {
    "x": -246.5105025242645,
    "y": -467.50383894006865
  },
  "view.geometries.box.geometry": {
    "x": -201.86152502274976,
    "y": -325.56369819511843
  },
  "view.geometries.plane.id": {
    "x": 953.8170285043042,
    "y": 595.8553833490097
  },
  "view.geometries.plane.props": {
    "x": -20.775144708776157,
    "y": -444.4948568850864
  },
  "view.geometries.plane.geometry": {
    "x": -11.706444326645107,
    "y": -340.5392636976263
  },
  "view.renderer.settings": {
    "x": 1042.9195868646505,
    "y": 726.4928330927078
  },
  "view.renderer.groundId": {
    "x": 884.723659471565,
    "y": 591.3077890907022
  },
  "view.renderer.sceneLayerId": {
    "x": 939.1584036320023,
    "y": 682.0469810481528
  },
  "view.renderer.mirrorSceneLayerId": {
    "x": 828.1793170264023,
    "y": 637.8534834855615
  },
  "view.renderer.layers": {
    "x": 131.8588844592779,
    "y": 218.25405553172763
  },
  "view.renderer.render": {
    "x": 827.0244621752382,
    "y": 737.5311206996205
  },
  "view.shaders.ground-reflection.id": {
    "x": 1109.0648188588332,
    "y": 443.256993660846
  },
  "view.shaders.ground-reflection.spec": {
    "x": 1097.5023436070187,
    "y": 379.8357597038137
  },
  "view.shaders.ground.id": {
    "x": 951.4119381195983,
    "y": 392.2938787000862
  },
  "view.shaders.ground.spec": {
    "x": 117.06845546598672,
    "y": -352.3781185348165
  },
  "view.shaders.object.id": {
    "x": 810.5860490583541,
    "y": 237.59669964236718
  },
  "view.shaders.object.spec": {
    "x": 379.0755217658776,
    "y": -352.52570544330433
  },
  "view.shaders.screen.id": {
    "x": 957.4036693689073,
    "y": 252.17528500161927
  },
  "view.shaders.screen.spec": {
    "x": 263.6191586482107,
    "y": -351.18688610339007
  },
  "view.effects.ground-reflection.blurStrength": {
    "x": -345.60366357546985,
    "y": 327.67609327248886
  },
  "view.painter.canvas": {
    "x": -374.6876239937339,
    "y": -82.7396833445238
  },
  "view.painter.painter": {
    "x": 138.78817453681478,
    "y": 97.5842379795651
  },
  "view.painter.gl": {
    "x": -116.22149986426555,
    "y": -82.5560622928954
  },
  "view.painter.canvasSize": {
    "x": -22.430947669878467,
    "y": 100.40913184342033
  },
  "view.painter.settings": {
    "x": 430.98345411350965,
    "y": 94.05643707740764
  },
  "view.renderer.boxForm": {
    "x": -200.55316140856522,
    "y": -241.68856914295444
  },
  "view.renderer.planeForm": {
    "x": -12.781744194991061,
    "y": -235.45380938571012
  },
  "view.renderer.groundShade": {
    "x": 118.23712320620626,
    "y": -234.85350411335045
  },
  "view.renderer.objectShade": {
    "x": 378.4782987226048,
    "y": -243.34962202464104
  },
  "view.renderer.screenShade": {
    "x": 263.5664421644574,
    "y": -242.52129725993902
  },
  "view.renderer.videoTextures": {
    "x": -67.54484217344844,
    "y": 726.1716072493961
  },
  "view.renderer.groundSketch": {
    "x": 301.02434057322114,
    "y": 260.69070271021934
  },
  "view.renderer.screenSketch": {
    "x": 313.87183327383883,
    "y": 521.8017717630416
  },
  "view.renderer.pedestalSketch": {
    "x": 307.5084662318118,
    "y": 390.7504457136656
  },
  "view.renderer.drawSettings": {
    "x": -193.68267232831843,
    "y": 512.097375226517
  },