{
  "events.tick": {
    "x": 407.8701352173825,
    "y": 1089.6899375261428
  },
  "events.tickStep": {
    "x": 168.457889781358,
    "y": 960.0365811578251
  },
  "events.tickCounter": {
    "x": 333.1777129532559,
    "y": 917.3726218196487
  },
  "events.slowTick": {
    "x": 301.40987268133824,
    "y": 721.2161590323213
  },
  "events.windowSize": {
    "x": 237.04133257572516,
    "y": 1114.6946452183138
  },
  "events.mouse": {
    "x": 337.94912924067273,
    "y": 1343.6565503448498
  },
  "events.keys": {
    "x": 687.6397388745136,
    "y": 1302.4952534337929
  },
  "events.mouseDrag": {
    "x": 486.202325942461,
    "y": 1290.8508623644566
  },
  "state.ground.position": {
    "x": 611.4404100568694,
    "y": 624.031846800227
  },
  "state.ground.normal": {
    "x": 530.2884520353441,
    "y": 755.322291242918
  },
  "state.ground.scale": {
    "x": 636.49473512331,
    "y": 768.2047118228945
  },
  "state.ground.transform": {
    "x": 698.2485552304572,
    "y": 559.4338492923177
  },
  "state.ground.planeEquation": {
    "x": 528.2337813902542,
    "y": 676.622836700049
  },
  "state.ground.mirrorMatrix": {
    "x": 588.0861218389873,
    "y": 698.7719082099907
  },
  "state.pedestals.scale": {
    "x": 580.9534232758725,
    "y": 344.09536428853835
  },
  "state.pedestals.transforms": {
    "x": 672.0359466056335,
    "y": 358.77044822954485
  },
  "state.screens.radius": {
    "x": 342.24759629096735,
    "y": 628.3303280816244
  },
  "state.screens.height": {
    "x": 393.61266724747964,
    "y": 702.2046468058488
  },
  "state.screens.scale": {
    "x": 353.68857824949885,
    "y": 537.35971999665
  },
  "state.screens.rotations": {
    "x": 453.19368690815634,
    "y": 529.6562322426839
  },
  "state.screens.positions": {
    "x": 554.4206173847207,
    "y": 603.4391905026698
  },
  "state.screens.transforms": {
    "x": 610.3604680344006,
    "y": 514.5944432890839
  },
  "videos.names": {
    "x": 467.93948030757167,
    "y": 372.9833947024505
  },
  "videos.videosUrl": {
    "x": 344.4896488672127,
    "y": 349.43995338367813
  },
  "videos.loadTimeout": {
    "x": 288.852468304872,
    "y": 443.60677318813373
  },
  "videos.videos": {
    "x": 409.07249635367043,
    "y": 460.99245080895685
  },
  "view.camera.position": {
    "x": 1146.2398564642992,
    "y": 984.5243066769099
  },
  "view.camera.yaw": {
    "x": 812.8292995097884,
    "y": 1006.3723831431384
  },
  "view.camera.pitch": {
    "x": 680.1311760934009,
    "y": 973.2139408161665
  },
  "view.camera.yawQuat": {
    "x": 950.7250700056459,
    "y": 1020.9994559326828
  },
  "view.camera.pitchQuat": {
    "x": 843.519478385647,
    "y": 953.0232465306249
  },
  "view.camera.rotationQuat": {
    "x": 943.827982689324,
    "y": 948.9376098902694
  },
  "view.camera.view": {
    "x": 933.4302436434591,
    "y": 800.259045690319
  },
  "view.camera.fovy": {
    "x": 799.2380213367646,
    "y": 1163.9574854993298
  },
  "view.camera.aspect": {
    "x": 667.3830993669558,
    "y": 855.6148271889605
  },
  "view.camera.near": {
    "x": 855.4260311370796,
    "y": 856.5292822557489
  },
  "view.camera.far": {
    "x": 909.9649608378068,
    "y": 1052.0694536732753
  },
  "view.camera.perspective": {
    "x": 791.9706423474369,
    "y": 799.5524770138193
  },
  "view.camera.moveSpeed": {
    "x": 691.2945683686871,
    "y": 1140.2712117069923
  },
  "view.camera.lookSpeed": {
    "x": 862.7335434674064,
    "y": 1221.9719519060113
  },
  "view.camera.moveForward": {
    "x": 890.7435930868015,
    "y": 1113.4221826793446
  },
  "view.camera.moveLeft": {
    "x": 614.6361829891849,
    "y": 1173.0109397705478
  },
  "view.camera.groundMirrorView": {
    "x": 1080.2861671117314,
    "y": 896.3000552412395
  },
  "view.context.context": {
    "x": 828.1487644249696,
    "y": 444.6804810288013
  },
  "view.context.canvas": {
    "x": 562.0466731353072,
    "y": 1007.8653299673556
  },
  "view.context.canvasSize": {
    "x": 562.1710007262274,
    "y": 823.4757086322784
  },
  "view.effects.ground-reflection.idPrefix": {
    "x": 522.4912120851072,
    "y": 232.74836492468168
  },
  "view.effects.ground-reflection.passes": {
    "x": 590.0198178576956,
    "y": 149.12624196425492
  },
  "view.effects.ground-reflection.ids": {
    "x": 680.4206899259791,
    "y": 292.7584523164205
  },
  "view.effects.ground-reflection.layersData": {
    "x": 701.914488272541,
    "y": 156.61286741648428
  },
  "view.geometries.box.id": {
    "x": 1029.5525109457433,
    "y": 472.68211532913733
  },
  "view.geometries.box.size": {
    "x": 1106.8071444443954,
    "y": 597.4167200613698
  },
  "view.geometries.box.segments": {
    "x": 1106.6894974757356,
    "y": 523.5961610599314
  },
  "view.geometries.box.geometry": {
    "x": 993.2384749772501,
    "y": 512.5363018048815
  },
  "view.geometries.plane.id": {
    "x": 953.8170285043042,
    "y": 595.8553833490097
  },
  "view.geometries.plane.props": {
    "x": 1094.424855291224,
    "y": 665.6051431149135
  },
  "view.geometries.plane.geometry": {
    "x": 1018.4935556733549,
    "y": 597.8607363023737
  },
  "view.renderer.settings": {
    "x": 1042.9195868646505,
    "y": 726.4928330927078
  },
  "view.renderer.groundId": {
    "x": 884.723659471565,
    "y": 591.3077890907022
  },
  "view.renderer.sceneLayerId": {
    "x": 939.1584036320023,
    "y": 682.0469810481528
  },
  "view.renderer.mirrorSceneLayerId": {
    "x": 828.1793170264023,
    "y": 637.8534834855615
  },
  "view.renderer.layers": {
    "x": 762.5588844592776,
    "y": 638.1540555317275
  },
  "view.renderer.render": {
    "x": 827.0244621752382,
    "y": 737.5311206996205
  },
  "view.shaders.ground-reflection.id": {
    "x": 1109.0648188588332,
    "y": 443.256993660846
  },
  "view.shaders.ground-reflection.spec": {
    "x": 1097.5023436070187,
    "y": 379.8357597038137
  },
  "view.shaders.ground.id": {
    "x": 951.4119381195983,
    "y": 392.2938787000862
  },
  "view.shaders.ground.spec": {
    "x": 1029.9684554659866,
    "y": 397.3218814651835
  },
  "view.shaders.object.id": {
    "x": 810.5860490583541,
    "y": 237.59669964236718
  },
  "view.shaders.object.spec": {
    "x": 892.4755217658777,
    "y": 245.8742945566956
  },
  "view.shaders.screen.id": {
    "x": 957.4036693689073,
    "y": 252.17528500161927
  },
  "view.shaders.screen.spec": {
    "x": 992.9191586482104,
    "y": 322.01311389660975
  }
}
